"Question","Question_URL","Categories","Number_Ans_Official","Number_Foll","Number_View"
"What is the journal entry of purchased furniture?","https://www.quora.com/What-is-the-journal-entry-of-purchased-furniture","Sales Journal Entry, Accounting Journal Entry, Journal Entries, Buying Furniture, Diaries and Journals, Academic Journals, Credit Card Processing, Furniture, Credit, Accounting, Credit Cards","9","13","19,668"
"What are most important assets one must have (except money) before starting a career?","https://www.quora.com/What-are-most-important-assets-one-must-have-except-money-before-starting-a-career","Assets, Jobs and Careers, Career Advice","0","1","193"
"What is the retained earnings account in QuickBooks?","https://www.quora.com/What-is-the-retained-earnings-account-in-QuickBooks","QuickBooks Online (product), QuickBooks, Accounting Software, Certified Public Accountants (CPA), Financial Accounting, Accountants, Accounting","2","1","141"
"What are three reasons why ledgers divided into divisions?","https://www.quora.com/unanswered/What-are-three-reasons-why-ledgers-divided-into-divisions","Ledger Account, General Ledger, Ledger Nano S, Ledgers, Accounting","0","1","192"
"Is ACCA really relevant in the banking sector?","https://www.quora.com/Is-ACCA-really-relevant-in-the-banking-sector","Banking Sector, Association of Chartered Certified Accountants (ACCA), Accounting, Banks, Banking, Career Advice","2","2","564"
"Can I start my articleship in EY for direct entry?","https://www.quora.com/unanswered/Can-I-start-my-articleship-in-EY-for-direct-entry","Accounting Firms, CA - Articleship, Chartered Accountants (CA)","0","4","953"
"What are the disadvantages of back-flush accounting?","https://www.quora.com/unanswered/What-are-the-disadvantages-of-back-flush-accounting","Disadvantages and Advantages, Accounting Software, Financial Accounting, Accounting, Finance, Business","0","3","506"
"Is it okay to make a logo mark a little off centre to balance it off?","https://www.quora.com/unanswered/Is-it-okay-to-make-a-logo-mark-a-little-off-centre-to-balance-it-off","Balance Sheets, Balance, Logo Design, Design","0","1","102"
"Do I need an accountant if I use QuickBooks?","https://www.quora.com/Do-I-need-an-accountant-if-I-use-QuickBooks","QuickBooks Online (product), QuickBooks, Accounting Software, Accountants, Accounting","2","2","669"
"How do I get an A (8) in Edexcel International GCSE in Accounting? I took the exam before and I got 3. Now, I am going for a repeat and I don’t know what to do.","https://www.quora.com/unanswered/How-do-I-get-an-A-8-in-Edexcel-International-GCSE-in-Accounting-I-took-the-exam-before-and-I-got-3-Now-I-am-going-for-a-repeat-and-I-don-t-know-what-to-do","Edexcel, General Certificate of Secondary Education (GCSE), Accounting, Exam and Test Preparation, Exams and Tests","0","1","73"
"What subjects are needed for a chartered accountant in grade 10?","https://www.quora.com/unanswered/What-subjects-are-needed-for-a-chartered-accountant-in-grade-10","Accountants, Accounting, Chartered Accountants (CA), Career Advice","0","2","2,236"
"What should you do when a relative dies whose only assets are bank and retirement accounts that have a beneficiary?","https://www.quora.com/What-should-you-do-when-a-relative-dies-whose-only-assets-are-bank-and-retirement-accounts-that-have-a-beneficiary","Estate Law and Wills, Assets, Retirement Planning, Retirement, Banks, Death and Dying, Personal Finance, Banking","2","1","342"
"What time does QuickBooks payroll need to be submitted?","https://www.quora.com/What-time-does-QuickBooks-payroll-need-to-be-submitted","Cogneesol - Outsourcing Company, Payroll Services, QuickBooks Online (product), Payroll, QuickBooks, Accounting Software, Accounting","1","0","147"
"How could 17,000 followers on Pinterest and 16,000 connections on LinkedIn be used to generate a cash flow?","https://www.quora.com/unanswered/How-could-17-000-followers-on-Pinterest-and-16-000-connections-on-LinkedIn-be-used-to-generate-a-cash-flow","Following and Followers on Pinterest, LinkedIn Connections, Cashflow, LinkedIn Profiles, Pinterest (product), LinkedIn (product), Followers, Finance, Social Media","0","1","155"
"What is the benefit of gathering a PhD in accounting with ACCA?","https://www.quora.com/What-is-the-benefit-of-gathering-a-PhD-in-accounting-with-ACCA","Association of Chartered Certified Accountants (ACCA), Ph.D. Careers, Accountants, Accounting, Doctor of Philosophy Degrees, Career Advice","1","1","390"
"What are the basic features of accounting software?","https://www.quora.com/What-are-the-basic-features-of-accounting-software","Accounting Software, Accounting, Software and Applications","22","8","11,056"
"Can the business support causes and be profitable?","https://www.quora.com/unanswered/Can-the-business-support-causes-and-be-profitable","Accounting Metrics, Causes, Business Advice, Business Models, Profitability, Business Strategy, Small Businesses, Entrepreneurship, Startup Strategy, Business","0","1","273"
"Which area is better: audit or consulting?","https://www.quora.com/Which-area-is-better-audit-or-consulting","Auditing, Consulting, Accounting, Career Choices, Jobs and Careers, Career Advice","1","2","681"
"Can I still get a job in 4 big firms if I complete my ACCA within 3 or 4 years?","https://www.quora.com/Can-I-still-get-a-job-in-4-big-firms-if-I-complete-my-ACCA-within-3-or-4-years","Association of Chartered Certified Accountants (ACCA), Accounting, Jobs and Careers, Career Advice","0","2","369"
"What would you do if you only had $10,000 total with no other assets?","https://www.quora.com/What-would-you-do-if-you-only-had-10-000-total-with-no-other-assets","Assets, Personal Finance Advice, Personal Finance, Finance, Investing, Hypothetical Scenarios, Money, Life Advice, Survey Question","2","2","1,017"
"What will be the journal entry of a purchased stationery?","https://www.quora.com/What-will-be-the-journal-entry-of-a-purchased-stationery","Journal Entries, Diaries and Journals, Academic Journals, Accounting","12","8","21,542"
"How much do chartered accountants (ICAEW ACA) earn in Dubai? Is it enough to live a comfortable and luxurious life?","https://www.quora.com/unanswered/How-much-do-chartered-accountants-ICAEW-ACA-earn-in-Dubai-Is-it-enough-to-live-a-comfortable-and-luxurious-life","Accountants, Dubai, United Arab Emirates, Chartered Accountants (CA), Salaries and Wages","0","2","309"
"How do I delete everything in QuickBooks online and start over on a connected account?","https://www.quora.com/unanswered/How-do-I-delete-everything-in-QuickBooks-online-and-start-over-on-a-connected-account","QuickBooks Online (product), Website Account Deletion, QuickBooks, Accounting Software, User Accounts, Accounting","0","1","25"
"I just launched a C-corp. We're not making any money, but we've invested some of our money. What should I be thinking about from a legal, tax and accounting perspective?","https://www.quora.com/I-just-launched-a-C-corp-Were-not-making-any-money-but-weve-invested-some-of-our-money-What-should-I-be-thinking-about-from-a-legal-tax-and-accounting-perspective","C-Corporations, Tax Advice, Financial Advice, Accounting, Entrepreneur Advice, Taxes, Startup Strategy, Money, Personal Question","5","1","2,964"
"How simply does chain management get affected by cash flow, working capital, and cash to cash cycle?","https://www.quora.com/unanswered/How-simply-does-chain-management-get-affected-by-cash-flow-working-capital-and-cash-to-cash-cycle","Cash Management, Working Capital, Cashflow, Cash, Accounting","0","1","221"
"Is there a time period to complete ACCA?","https://www.quora.com/Is-there-a-time-period-to-complete-ACCA","Association of Chartered Certified Accountants (ACCA), Accounting, Chartered Accountants (CA), Existence Question","3","5","5,864"
"If you are a Windows-based small business owner, what product have you used to reconcile your books if you have ditched QuickBooks?","https://www.quora.com/If-you-are-a-Windows-based-small-business-owner-what-product-have-you-used-to-reconcile-your-books-if-you-have-ditched-QuickBooks","QuickBooks Online (product), QuickBooks, Accounting Software, Small Business Advice, Small Businesses, Microsoft Windows","2","1","295"
"What type of personality would make a great forensic accountant?","https://www.quora.com/unanswered/What-type-of-personality-would-make-a-great-forensic-accountant","Forensic Accounting, Forensic Psychology, Forensic Science, Personality Profiling, Accountants, Personality Traits and Characteristics, Accounting, Character and Personality, Jobs and Careers, Career Advice","0","1","226"
"Is culture your most important asset?","https://www.quora.com/Is-culture-your-most-important-asset","Assets, Sociology of Everyday Life, Ethnic and Cultural Differences, Culture (social science), Philosophy of Everyday Life, Life and Living, Life Advice","3","1","272"
"Do I need an internship to start my career as an accountant?","https://www.quora.com/Do-I-need-an-internship-to-start-my-career-as-an-accountant","Jobs and Careers in Accounting, The Practice of Accounting, Accountants, Career Transitions, Internship Career Advice, Career Choice Advice, Accounting, Career Choices, Internships, Jobs and Careers, Career Advice","2","9","726"
"What is the journal entry for purchased goods on credit Rs 150,000?","https://www.quora.com/What-is-the-journal-entry-for-purchased-goods-on-credit-Rs-150-000","Journal Entries, Diaries and Journals, Academic Journals, Accounting","6","2","12,191"
"Why do people want to be an accountant?","https://www.quora.com/Why-do-people-want-to-be-an-accountant","The Practice of Accounting, Accountants, People, Accounting, Career Advice","12","32","63,812"
"What is the difference between an audit and an attestation?","https://www.quora.com/What-is-the-difference-between-an-audit-and-an-attestation","Audits, Auditing, Comparisons, Accounting","10","13","78,964"
"How do Indian Chartered Accountants apply for a job in the U.K./Europe from India?","https://www.quora.com/unanswered/How-do-Indian-Chartered-Accountants-apply-for-a-job-in-the-U-K-Europe-from-India","Accountants, Chartered Accountants (CA), Career Advice","0","3","279"
"Are chartered accountants rich?","https://www.quora.com/Are-chartered-accountants-rich","Accountants, Accounting, Chartered Accountants (CA), Wealth","10","33","14,278"
"How do nonprofits stay afloat?","https://www.quora.com/How-do-nonprofits-stay-afloat","Accounting Metrics, Non-Profit Fundraising, Startup Business Models, Nonprofit Organizations, Business Models, Profitability","7","13","7,134"
"Can I study for the ACCA in Canada?","https://www.quora.com/Can-I-study-for-the-ACCA-in-Canada","Association of Chartered Certified Accountants (ACCA), Accounting, Canada, Studying","7","4","5,579"
"What is the treatment of a bank overdraft on a balance sheet?","https://www.quora.com/What-is-the-treatment-of-a-bank-overdraft-on-a-balance-sheet","Balance Sheets, Financial Accounting, Accounting, Finance, Banking","9","3","18,520"
"Are employees an asset or a liability?","https://www.quora.com/Are-employees-an-asset-or-a-liability","Liability, Assets, Employees","8","3","6,745"
"Which is better: ICAEW or ACCA?","https://www.quora.com/Which-is-better-ICAEW-or-ACCA","Association of Chartered Certified Accountants (ACCA), Comparisons, Accounting, Chartered Accountants (CA)","9","17","25,170"
"How is a journal entry of capital introduced?","https://www.quora.com/How-is-a-journal-entry-of-capital-introduced","Journal Entries, Diaries and Journals, Academic Journals, Accounting","10","6","15,317"
"How does accounting apply to your daily life?","https://www.quora.com/How-does-accounting-apply-to-your-daily-life","Daily Life, Accounting, Life and Living","4","8","7,897"
"What are flow control statements?","https://www.quora.com/unanswered/What-are-flow-control-statements","Flow Control (data), Accounting","0","2","117"
"How do I start a remote bookkeeping company?","https://www.quora.com/How-do-I-start-a-remote-bookkeeping-company","Bookkeeping Companies, Bookkeeping (accounting), How-to Question, Startup Strategy","3","6","1,387"
"Are purchases treated as assets or expenses?","https://www.quora.com/Are-purchases-treated-as-assets-or-expenses","Expenses, Assets, Accounting, Finance","10","4","11,989"
"What is an Accounting Officer?","https://www.quora.com/What-is-an-Accounting-Officer","Accounts Officer, Jobs and Careers in Accounting, The Practice of Accounting, Accountants, Accounting, Jobs and Careers, Career Advice","2","7","5,911"
"What happens to people’s assets such as bank accounts and equity in homes when they are deported by ICE?","https://www.quora.com/What-happens-to-people-s-assets-such-as-bank-accounts-and-equity-in-homes-when-they-are-deported-by-ICE","Immigration and Customs Enforcement Bureau (ICE), Deportation, Assets, Banks, Immigration, Banking","2","2","295"
"What subjects should I study in high school in order to become an accountant?","https://www.quora.com/What-subjects-should-I-study-in-high-school-in-order-to-become-an-accountant","High School Education, Accounting, The High School Experience, Studying, Education","17","7","11,206"
"Is taking accounting class in high school worth it?","https://www.quora.com/Is-taking-accounting-class-in-high-school-worth-it","Education and Career Advice, High School Education, Accounting, The High School Experience, Education, Career Advice","8","8","13,537"
"Has anyone made a career change from accounting to something else? If so, what was it?","https://www.quora.com/Has-anyone-made-a-career-change-from-accounting-to-something-else-If-so-what-was-it","Career Transitions, Accounting, Jobs and Careers, Career Advice","6","4","11,262"
"What is the journal entry for payment paid to vendor?","https://www.quora.com/What-is-the-journal-entry-for-payment-paid-to-vendor","Journal Entries, Diaries and Journals, Academic Journals, Accounting","2","2","8,217"
"Is still it worth doing a game like Ikariam or Travian to make profit?","https://www.quora.com/Is-still-it-worth-doing-a-game-like-Ikariam-or-Travian-to-make-profit","Ikariam, Travian, Accounting Metrics, Business Models, Profitability","0","2","1,982"
"Are QuickBooks and Quicken compatible?","https://www.quora.com/unanswered/Are-QuickBooks-and-Quicken-compatible","Quicken Loans, Quicken, QuickBooks Online (product), QuickBooks, Accounting Software, Accounting","0","0","66"
"What is the value of the ACCA in the USA?","https://www.quora.com/What-is-the-value-of-the-ACCA-in-the-USA","Association of Chartered Certified Accountants (ACCA), Accounting, Chartered Accountants (CA), The United States of America","4","27","25,397"
"Do ETFs always own the underlying assets they represent?","https://www.quora.com/Do-ETFs-always-own-the-underlying-assets-they-represent","Assets, Finance, Investing","1","1","571"
"What is a 7.442 billion written out?","https://www.quora.com/What-is-a-7-442-billion-written-out","Billion, Accounting, Writing Advice, Numbers (mathematics), Mathematics, Money","4","4","25,149"
"Can you export QuickBooks online file into a desktop version from a Mac?","https://www.quora.com/unanswered/Can-you-export-QuickBooks-online-file-into-a-desktop-version-from-a-Mac","QuickBooks Online (product), QuickBooks, Accounting Software, Mac (computer)","0","1","202"
"What is the journal entry for the dishonour of a check?","https://www.quora.com/What-is-the-journal-entry-for-the-dishonour-of-a-check","Journal Entries, Diaries and Journals, Academic Journals, Accounting","2","4","14,834"
"At 40, what should be my asset allocation strategy?","https://www.quora.com/unanswered/At-40-what-should-be-my-asset-allocation-strategy","Asset Allocation, Asset Management, Assets, Finance, Investing","0","4","384"
"What will happen to Jeffery Epstein assets that were placed in trust?","https://www.quora.com/unanswered/What-will-happen-to-Jeffery-Epstein-assets-that-were-placed-in-trust","Jeffrey Epstein (financier), Assets","0","2","311"
"Have attachment styles ever been applied to inherited wealth?","https://www.quora.com/unanswered/Have-attachment-styles-ever-been-applied-to-inherited-wealth","Attachment Styles, Attachment, Inheritance, Assets, Wealth","0","1","127"
"How much difference does it make to your lifetime assets if you buy instead of renting your home?","https://www.quora.com/How-much-difference-does-it-make-to-your-lifetime-assets-if-you-buy-instead-of-renting-your-home","Assets, Homes and Houses","2","1","190"
"Have you personally considered early retirement? If so what amount of assets do you think you would need to live off of?","https://www.quora.com/unanswered/Have-you-personally-considered-early-retirement-If-so-what-amount-of-assets-do-you-think-you-would-need-to-live-off-of","Early Retirement, Assets, Retirement Planning, Retirement, Personal Finance, Life and Living, Survey Question","0","3","351"
"What are some of the most value assets a person can develop or own (in mindset and physically have)?","https://www.quora.com/unanswered/What-are-some-of-the-most-value-assets-a-person-can-develop-or-own-in-mindset-and-physically-have","Asset Management, Assets, Understanding Self-Improvement, Character and Personality, Finance, Self-Improvement, Human Behavior, Life Advice","0","1","184"
"How is Rohit Doshi & Associates for an articleship, and how much of a stipend does it offer?","https://www.quora.com/How-is-Rohit-Doshi-Associates-for-an-articleship-and-how-much-of-a-stipend-does-it-offer","Stipend, Accounting Firms, CA - Articleship, Chartered Accountants (CA)","1","1","278"
"Isn't every cost also someone else's revenue?","https://www.quora.com/Isnt-every-cost-also-someone-elses-revenue","Financial Accounting, Revenue, Costs, Economics, Business","2","2","253"
"Is it possible to gain work experience for CIMA while working as an actuary intern?","https://www.quora.com/unanswered/Is-it-possible-to-gain-work-experience-for-CIMA-while-working-as-an-actuary-intern","Actuarial Studies, Chartered Institute of Management Accountants, Actuaries, Actuarial Science, Work Experience, Accounting, Internships, Work, Jobs and Careers, Career Advice","0","1","162"
"What is inaccurate accounting, and how do you identify it?","https://www.quora.com/unanswered/What-is-inaccurate-accounting-and-how-do-you-identify-it","Inaccuracy, Accounting","0","1","163"
"How can you build wealth and cash flow?","https://www.quora.com/How-can-you-build-wealth-and-cash-flow","Wealth Creation, Wealth Management, Cashflow, Accounting, Wealth, Personal Finance, Wanting and Making Money, Finance, Business, Money","4","4","1,203"
"What is the catch to buying a depreciating asset?","https://www.quora.com/What-is-the-catch-to-buying-a-depreciating-asset","Depreciation, Financial Assets, Asset Management, Assets, Accounting, Real Estate, Personal Finance, Finance, Economics, Investing","1","1","348"
"How many exemptions can you get in CFA, by having an ACCA qualification?","https://www.quora.com/How-many-exemptions-can-you-get-in-CFA-by-having-an-ACCA-qualification","Association of Chartered Certified Accountants (ACCA), CFA Institute, Chartered Financial Analysts (CFA), Accounting, Career Advice","3","9","14,772"
"How do you pay sales taxes when two people trade cars?","https://www.quora.com/How-do-you-pay-sales-taxes-when-two-people-trade-cars","Sales Tax, Accounting, Taxes, Cars and Automobiles","6","7","17,871"
"What is the journal entry of paid to a creditor by cheque?","https://www.quora.com/What-is-the-journal-entry-of-paid-to-a-creditor-by-cheque","Accounting Journal Entry, Creditors, Journal Entries, Diaries and Journals, Academic Journals, Checks (cheques), Accounting, Payments, Salaries and Wages, Banking","4","1","3,079"
"Why have the super rich around the world started liquidating their assets in real estates, art and antiques?","https://www.quora.com/Why-have-the-super-rich-around-the-world-started-liquidating-their-assets-in-real-estates-art-and-antiques","Antiques, Auctions, Properties, Assets, Fine Art, Wealthy People and Families, Wealth, Real Estate, Money","0","2","267"
"How can I learn about special assets management?","https://www.quora.com/unanswered/How-can-I-learn-about-special-assets-management","Asset Management, Assets, Finance","0","3","303"
